datetime;.;..;.;;user;.;..;.;;message;.;..;.;;tokens
2021-11-27 18:53:19.384882;.;..;.;;Tom치s#9078;.;..;.;;'dime el precio del bitcoin';.;..;.;;['dime', 'precio', 'bitcoin']
2021-11-27 18:53:27.995433;.;..;.;;Tom치s#9078;.;..;.;;'puf, est치s loco?';.;..;.;;['puf', 'loco']
2021-11-27 18:53:32.735747;.;..;.;;Tom치s#9078;.;..;.;;'ya ves';.;..;.;;['ves']
2021-11-27 19:15:33.537951;.;..;.;;MaryDaze#2415;.;..;.;;'Alfobot despierta';.;..;.;;['alfobot', 'despierta']
2021-11-27 19:18:41.233643;.;..;.;;MaryDaze#2415;.;..;.;;'Alfobot, qu칠 piensas de la coca칤na?';.;..;.;;['alfobot', 'piensas', 'coca칤na']
2021-11-27 19:18:55.027081;.;..;.;;MaryDaze#2415;.;..;.;;'Consumes coca칤na?';.;..;.;;['consumes', 'coca칤na']
2021-11-27 19:19:33.299651;.;..;.;;MaryDaze#2415;.;..;.;;'Alfobot, usas el metro de Madrid para ir a trabajar?';.;..;.;;['alfobot', 'usas', 'metro', 'madrid', 'ir', 'trabajar']
2021-11-27 19:21:40.437298;.;..;.;;MaryDaze#2415;.;..;.;;'Crees que eres un buen profesor?';.;..;.;;['crees', 'buen', 'profesor']
2021-11-27 19:22:32.243311;.;..;.;;MaryDaze#2415;.;..;.;;'Es buena idea invertir en Bitcoin?';.;..;.;;['buena', 'idea', 'invertir', 'bitcoin']
2021-11-27 19:24:44.283175;.;..;.;;MaryDaze#2415;.;..;.;;'Es Tom치s el estudiante m치s listo, inteligente y guapo del Bootcamp? Yo digo s칤.';.;..;.;;['tom치s', 'estudiante', 'listo', 'inteligente', 'guapo', 'bootcamp', 'digo']
2021-11-27 19:27:33.859087;.;..;.;;Tom치s#9078;.;..;.;;'dime un dicho popular';.;..;.;;['dime', 'dicho', 'popular']
2021-11-27 19:29:05.011612;.;..;.;;Tom치s#9078;.;..;.;;'Alfobot eres inmortal?';.;..;.;;['alfobot', 'inmortal']
2021-11-27 19:29:31.572450;.;..;.;;Tom치s#9078;.;..;.;;'quien es jc?';.;..;.;;['jc']
2021-11-27 19:29:48.872128;.;..;.;;Tom치s#9078;.;..;.;;'qu칠 opinas de elmo?';.;..;.;;['opinas', 'elmo']
2021-11-27 19:30:27.814979;.;..;.;;Tom치s#9078;.;..;.;;'Alfonso, echamos un kahoot?';.;..;.;;['alfonso', 'echamos', 'kahoot']
2021-11-27 19:31:01.691205;.;..;.;;Tom치s#9078;.;..;.;;'Qu칠 piensas de Daniela?';.;..;.;;['piensas', 'daniela']
2021-11-27 19:35:34.507645;.;..;.;;Tom치s#9078;.;..;.;;'jc';.;..;.;;['jc']
2021-11-27 19:36:54.294920;.;..;.;;davidmoscoso#5401;.;..;.;;'pollo';.;..;.;;['pollo']
2021-11-27 19:37:02.026593;.;..;.;;davidmoscoso#5401;.;..;.;;'alfonso duerme';.;..;.;;['alfonso', 'duerme']
2021-11-27 19:37:13.765712;.;..;.;;davidmoscoso#5401;.;..;.;;'Alfobot duerme';.;..;.;;['alfobot', 'duerme']
2021-11-27 19:46:21.558897;.;..;.;;Tom치s#9078;.;..;.;;'no me digas';.;..;.;;['digas']
2021-11-27 19:46:30.772010;.;..;.;;Tom치s#9078;.;..;.;;'ves';.;..;.;;['ves']
2021-11-27 19:47:12.499982;.;..;.;;Tom치s#9078;.;..;.;;'Alfobot duerme';.;..;.;;['alfobot', 'duerme']
2021-11-28 11:23:11.076486;.;..;.;;Tom치s#9078;.;..;.;;'pollo';.;..;.;;['pollo']
2021-11-28 11:23:34.458196;.;..;.;;Tom치s#9078;.;..;.;;'espejo';.;..;.;;['espejo']
2021-11-28 11:23:48.401279;.;..;.;;Tom치s#9078;.;..;.;;'loco';.;..;.;;['loco']
2021-11-28 11:25:31.975318;.;..;.;;Tom치s#9078;.;..;.;;'pollo';.;..;.;;['pollo']
2021-11-28 11:25:36.082192;.;..;.;;Tom치s#9078;.;..;.;;'espejo';.;..;.;;['espejo']
2021-11-28 11:26:55.238702;.;..;.;;Tom치s#9078;.;..;.;;'espejo';.;..;.;;['espejo']
2021-11-28 11:26:57.600813;.;..;.;;Tom치s#9078;.;..;.;;'loco';.;..;.;;['loco']
2021-11-28 11:28:13.743469;.;..;.;;Tom치s#9078;.;..;.;;'loco';.;..;.;;['loco']
2021-11-28 11:28:18.268988;.;..;.;;Tom치s#9078;.;..;.;;'espejo';.;..;.;;['espejo']
2021-11-28 11:29:11.150521;.;..;.;;Tom치s#9078;.;..;.;;'bance';.;..;.;;['bance']
2021-11-28 11:29:15.999627;.;..;.;;Tom치s#9078;.;..;.;;'caram';.;..;.;;['caram']
2021-11-28 11:36:07.059417;.;..;.;;Tom치s#9078;.;..;.;;'pollo';.;..;.;;['pollo']
2021-11-28 11:36:12.441198;.;..;.;;Tom치s#9078;.;..;.;;'loco';.;..;.;;['loco']
2021-11-28 11:36:16.086588;.;..;.;;Tom치s#9078;.;..;.;;'loco';.;..;.;;['loco']
2021-11-28 11:36:20.003870;.;..;.;;Tom치s#9078;.;..;.;;'espejo';.;..;.;;['espejo']
2021-11-28 11:36:36.894761;.;..;.;;Tom치s#9078;.;..;.;;'salida';.;..;.;;['salida']
2021-11-28 11:39:02.634630;.;..;.;;Tom치s#9078;.;..;.;;'espejo';.;..;.;;['espejo']
2021-11-28 11:39:24.757658;.;..;.;;Tom치s#9078;.;..;.;;'maifr';.;..;.;;['maifr']
2021-11-28 11:39:51.757926;.;..;.;;Tom치s#9078;.;..;.;;'espejar';.;..;.;;['espejar']
2021-11-28 11:41:39.359920;.;..;.;;Tom치s#9078;.;..;.;;'locos';.;..;.;;['locos']
2021-11-28 14:07:02.644776;.;..;.;;davidmoscoso#5401;.;..;.;;'Daniela nos hizo curso de power BI';.;..;.;;['daniela', 'hizo', 'curso', 'power', 'bi']
2021-11-28 14:13:37.744048;.;..;.;;davidmoscoso#5401;.;..;.;;'hola';.;..;.;;['hola']
2021-11-28 14:13:37.934514;.;..;.;;davidmoscoso#5401;.;..;.;;'si';.;..;.;;['si']
2021-11-28 14:46:54.057836;.;..;.;;Tomirio#9645;.;..;.;;'XDDDD';.;..;.;;['xdddd']
2021-11-28 18:35:40.975181;.;..;.;;davidmoscoso#5401;.;..;.;;'quiero  jugar juegos de mesa';.;..;.;;['quiero', 'jugar', 'juegos', 'mesa']
2021-11-29 11:02:36.841842;.;..;.;;Tom치s#9078;.;..;.;;'C칩mo est치s esta ma침ana, Alfonso?';.;..;.;;['c칩mo', 'ma침ana', 'alfonso']
2021-11-29 11:02:47.738609;.;..;.;;Tom치s#9078;.;..;.;;'Por qu칠? es que tienes sue침o?';.;..;.;;['sue침o']
2021-11-29 11:03:28.270913;.;..;.;;Tom치s#9078;.;..;.;;'pollo';.;..;.;;['pollo']
2021-11-29 11:48:55.964039;.;..;.;;davidmoscoso#5401;.;..;.;;'Alfobot party';.;..;.;;['alfobot', 'party']
2021-11-29 11:56:25.849487;.;..;.;;davidmoscoso#5401;.;..;.;;'c칩mo les quedaron las im치genes?';.;..;.;;['c칩mo', 'quedaron', 'im치genes']
2021-11-29 11:56:55.608134;.;..;.;;HectorM#2258;.;..;.;;'lol';.;..;.;;['lol']
2021-11-29 12:15:16.252412;.;..;.;;Shei#6696;.;..;.;;'para cada intervenci칩n suelta una perla?';.;..;.;;['cada', 'intervenci칩n', 'suelta', 'perla']
2021-11-29 12:15:51.165941;.;..;.;;davidmoscoso#5401;.;..;.;;'me encanta que Alfobot tiene una precisi칩n casi como la de Adri치n profesor';.;..;.;;['encanta', 'alfobot', 'precisi칩n', 'casi', 'adri치n', 'profesor']
2021-11-29 12:15:51.305892;.;..;.;;Shei#6696;.;..;.;;'Alfo Bot es m치s mol칩n que Alfonso normal';.;..;.;;['alfo', 'bot', 'mol칩n', 'alfonso', 'normal']
2021-11-29 12:16:06.456186;.;..;.;;Shei#6696;.;..;.;;'AJJAJAJAA';.;..;.;;['ajjajajaa']
2021-11-29 12:16:22.807384;.;..;.;;Shei#6696;.;..;.;;'no me gustan las mates';.;..;.;;['gustan', 'mates']
2021-11-29 12:16:44.390725;.;..;.;;Tom치s#9078;.;..;.;;'A veces habla mucho y a veces se calla jajaj';.;..;.;;['veces', 'habla', 'veces', 'calla', 'jajaj']
2021-11-29 12:17:13.775697;.;..;.;;Shei#6696;.;..;.;;'Cuando se calla es que esta de vacaciones';.;..;.;;['calla', 'vacaciones']
2021-11-29 12:17:33.693674;.;..;.;;annashrpv#6143;.;..;.;;'alfobot k dise';.;..;.;;['alfobot', 'k', 'dise']
2021-11-29 12:17:58.376604;.;..;.;;annashrpv#6143;.;..;.;;'muy fan';.;..;.;;['fan']
2021-11-29 12:18:07.970477;.;..;.;;annashrpv#6143;.;..;.;;'socorro';.;..;.;;['socorro']
2021-11-29 12:30:50.556542;.;..;.;;annashrpv#6143;.;..;.;;'qu칠 vas a comer alfobot';.;..;.;;['vas', 'comer', 'alfobot']
2021-11-29 12:31:10.354851;.;..;.;;annashrpv#6143;.;..;.;;'y los cereales alfobot?';.;..;.;;['cereales', 'alfobot']
2021-11-29 12:31:14.602997;.;..;.;;annashrpv#6143;.;..;.;;'eeeeso';.;..;.;;['eeeeso']
2021-11-29 12:43:09.983004;.;..;.;;Tom치s#9078;.;..;.;;'xDd';.;..;.;;['xdd']
2021-11-29 13:03:21.912179;.;..;.;;Marina Casilda#2394;.;..;.;;'quien es: Marina o Natalia';.;..;.;;['marina', 'natalia']
2021-11-29 13:03:29.137749;.;..;.;;Marina Casilda#2394;.;..;.;;'游땍 游땍 游땍 游땍 游땍 游땍';.;..;.;;['游땍', '游땍', '游땍', '游땍', '游땍', '游땍']
2021-11-29 13:03:34.490613;.;..;.;;Shei#6696;.;..;.;;'Manalia';.;..;.;;['manalia']
2021-11-29 13:03:44.156687;.;..;.;;Tom치s#9078;.;..;.;;'jajajaja';.;..;.;;['jajajaja']
2021-11-29 13:03:52.832851;.;..;.;;davidmoscoso#5401;.;..;.;;'casilda ghost';.;..;.;;['casilda', 'ghost']
2021-11-29 13:04:44.016029;.;..;.;;Shei#6696;.;..;.;;'Alfonso has comido pollo?';.;..;.;;['alfonso', 'comido', 'pollo']
2021-11-29 13:04:50.363607;.;..;.;;Shei#6696;.;..;.;;'AJJJAJAJAJJAJAJAJAJJAA';.;..;.;;['ajjjajajajjajajajajjaa']
2021-11-29 13:05:02.117921;.;..;.;;Tom치s#9078;.;..;.;;'calla alfonso';.;..;.;;['calla', 'alfonso']
2021-11-29 13:05:04.913844;.;..;.;;Tom치s#9078;.;..;.;;'xd';.;..;.;;['xd']
2021-11-29 13:06:09.740502;.;..;.;;Tom치s#9078;.;..;.;;'Alfobot tokeniza';.;..;.;;['alfobot', 'tokeniza']
2021-11-29 13:06:43.762373;.;..;.;;Tom치s#9078;.;..;.;;'Alfobot duerme';.;..;.;;['alfobot', 'duerme']
2021-11-29 13:17:09.355166;.;..;.;;Tom치s#9078;.;..;.;;'datos';.;..;.;;['datos']
2021-11-29 13:17:13.920171;.;..;.;;Tom치s#9078;.;..;.;;'ciencia';.;..;.;;['ciencia']
2021-11-29 13:17:38.403187;.;..;.;;davidmoscoso#5401;.;..;.;;'pollo';.;..;.;;['pollo']
2021-11-29 13:17:44.070721;.;..;.;;davidmoscoso#5401;.;..;.;;'jajjajaja que grosero';.;..;.;;['jajjajaja', 'grosero']
2021-11-29 13:17:53.379838;.;..;.;;davidmoscoso#5401;.;..;.;;'cre칤a que esta la hab칤as comentado';.;..;.;;['cre칤a', 'comentado']
2021-11-29 13:17:59.662891;.;..;.;;davidmoscoso#5401;.;..;.;;'mercadona';.;..;.;;['mercadona']
2021-11-29 13:18:09.175578;.;..;.;;Tom치s#9078;.;..;.;;'joe, pensaba que habia quitado esa frase';.;..;.;;['joe', 'pensaba', 'habia', 'quitado', 'frase']
2021-11-29 13:18:12.025647;.;..;.;;Tom치s#9078;.;..;.;;'vendehumos';.;..;.;;['vendehumos']
2021-11-29 13:18:23.418934;.;..;.;;Tom치s#9078;.;..;.;;'ok, esta con la anterior, por eso sigue la grosera';.;..;.;;['ok', 'anterior', 'sigue', 'grosera']
2021-11-29 13:18:25.244336;.;..;.;;Tom치s#9078;.;..;.;;'le reinicio';.;..;.;;['reinicio']
2021-11-29 13:18:54.739605;.;..;.;;Tom치s#9078;.;..;.;;'pollo';.;..;.;;['pollo']
2021-11-29 13:18:56.498690;.;..;.;;Tom치s#9078;.;..;.;;'polla';.;..;.;;['polla']
2021-11-29 13:18:59.949248;.;..;.;;Tom치s#9078;.;..;.;;'bien';.;..;.;;['bien']
2021-11-29 13:19:05.030812;.;..;.;;Tom치s#9078;.;..;.;;'vendehumos';.;..;.;;['vendehumos']
2021-11-29 13:19:24.607125;.;..;.;;Tom치s#9078;.;..;.;;'Le he metido muchas frases de su linkedin xD casi todas tienen emojis jaja';.;..;.;;['metido', 'muchas', 'frases', 'linkedin', 'xd', 'casi', 'todas', 'emojis', 'jaja']
2021-11-29 13:19:59.172371;.;..;.;;davidmoscoso#5401;.;..;.;;'游뱂';.;..;.;;['游뱂']
2021-11-29 13:20:06.910479;.;..;.;;davidmoscoso#5401;.;..;.;;'aah va muy bien';.;..;.;;['aah', 'va', 'bien']
2021-11-29 13:20:25.112725;.;..;.;;davidmoscoso#5401;.;..;.;;'el va trigeri칩 valen';.;..;.;;['va', 'trigeri칩', 'valen']
2021-11-29 13:20:54.466313;.;..;.;;davidmoscoso#5401;.;..;.;;'sigue eligiendo la primera que busca? podr칤amos pensar una forma de ponderar.';.;..;.;;['sigue', 'eligiendo', 'primera', 'busca', 'podr칤amos', 'pensar', 'forma', 'ponderar']
2021-11-29 13:21:27.181591;.;..;.;;Tom치s#9078;.;..;.;;'mmm';.;..;.;;['mmm']
2021-11-29 13:21:57.094886;.;..;.;;Tom치s#9078;.;..;.;;'En teor칤a las coge al azar';.;..;.;;['teor칤a', 'coge', 'azar']
2021-11-29 13:22:22.331513;.;..;.;;Tom치s#9078;.;..;.;;'Por eso hay dos random. En uno elige un token que existe, y luego elige una frase de ese token';.;..;.;;['dos', 'random', 'elige', 'token', 'existe', 'luego', 'elige', 'frase', 'token']
2021-11-29 13:22:29.660022;.;..;.;;Tom치s#9078;.;..;.;;'Pero hay que mejorarlo';.;..;.;;['mejorarlo']
2021-11-29 13:22:42.062626;.;..;.;;Tom치s#9078;.;..;.;;'xD es bueno jaj';.;..;.;;['xd', 'bueno', 'jaj']
2021-11-29 13:22:53.698857;.;..;.;;Tom치s#9078;.;..;.;;'puf, lo malo es que ante todas las risas saca esa';.;..;.;;['puf', 'malo', 'todas', 'risas', 'saca']
2021-11-29 13:23:21.574237;.;..;.;;davidmoscoso#5401;.;..;.;;'podr칤amos incluir jaja en stopwords';.;..;.;;['podr칤amos', 'incluir', 'jaja', 'stopwords']
2021-11-29 13:24:33.303955;.;..;.;;davidmoscoso#5401;.;..;.;;'ah칤 lo agregu칠';.;..;.;;['ah칤', 'agregu칠']
2021-11-29 13:26:10.118811;.;..;.;;Tom치s#9078;.;..;.;;'pero si pones jaj tambine lo triguea xd';.;..;.;;['si', 'pones', 'jaj', 'tambine', 'triguea', 'xd']
2021-11-29 13:26:30.559626;.;..;.;;davidmoscoso#5401;.;..;.;;'pose de ja has jajajaja';.;..;.;;['pose', 'ja', 'jajajaja']
2021-11-29 13:26:37.213573;.;..;.;;davidmoscoso#5401;.;..;.;;'puse';.;..;.;;['puse']
2021-11-29 13:26:44.674072;.;..;.;;Tom치s#9078;.;..;.;;'ah, perfe';.;..;.;;['ah', 'perfe']
2021-11-29 13:26:44.699933;.;..;.;;davidmoscoso#5401;.;..;.;;'hasta';.;..;.;;[]
2021-11-29 13:29:39.865868;.;..;.;;Tom치s#9078;.;..;.;;'游놑';.;..;.;;['游놑']
2021-11-29 13:30:42.438067;.;..;.;;Adri#0739;.;..;.;;'XDDD';.;..;.;;['xddd']
2021-11-29 13:30:48.698128;.;..;.;;Adri#0739;.;..;.;;'me encanta este bot tio';.;..;.;;['encanta', 'bot', 'tio']
2021-11-29 13:30:55.674589;.;..;.;;Adri#0739;.;..;.;;'perdona, alfonso, jo';.;..;.;;['perdona', 'alfonso', 'jo']
2021-11-29 13:31:13.162626;.;..;.;;Adri#0739;.;..;.;;'No lo dudo, s칤';.;..;.;;['dudo']
2021-11-29 13:31:16.457696;.;..;.;;Tomirio#9645;.;..;.;;'jajajajajjaa';.;..;.;;['jajajajajjaa']
2021-11-29 13:31:23.403355;.;..;.;;Tomirio#9645;.;..;.;;'jajajaajajjaja';.;..;.;;['jajajaajajjaja']
2021-11-29 13:31:29.677483;.;..;.;;Tom치s#9078;.;..;.;;'xD';.;..;.;;['xd']
2021-11-29 13:32:02.349387;.;..;.;;annashrpv#6143;.;..;.;;'hemos creado un monstruo';.;..;.;;['creado', 'monstruo']
2021-11-29 13:32:19.315896;.;..;.;;Shei#6696;.;..;.;;'este es brutal';.;..;.;;['brutal']
2021-11-29 13:32:25.583398;.;..;.;;Adri#0739;.;..;.;;'seguro que a Alfonso le gustan las habas y todo';.;..;.;;['seguro', 'alfonso', 'gustan', 'habas']
2021-11-29 13:32:31.859553;.;..;.;;Adri#0739;.;..;.;;'XDD';.;..;.;;['xdd']
2021-11-29 13:32:36.577673;.;..;.;;Tomirio#9645;.;..;.;;'jajajajaja';.;..;.;;['jajajajaja']
2021-11-29 13:32:41.112128;.;..;.;;Tom치s#9078;.;..;.;;'est치 desatado';.;..;.;;['desatado']
2021-11-29 13:32:52.072380;.;..;.;;Tomirio#9645;.;..;.;;'qu칠 le gusta esa an칠cdota';.;..;.;;['gusta', 'an칠cdota']
2021-11-29 13:32:57.913691;.;..;.;;annashrpv#6143;.;..;.;;'que me da la risa basta';.;..;.;;['da', 'risa', 'basta']
2021-11-29 13:33:10.427609;.;..;.;;Adri#0739;.;..;.;;'es perro viejo, no puede aprender muchos trucos muy r치pido';.;..;.;;['perro', 'viejo', 'puede', 'aprender', 'trucos', 'r치pido']
2021-11-29 13:33:21.130188;.;..;.;;Tomirio#9645;.;..;.;;'XDDDDDDDDD';.;..;.;;['xddddddddd']
2021-11-29 13:33:37.808760;.;..;.;;Adri#0739;.;..;.;;'me esta costando mantener la compostura';.;..;.;;['costando', 'mantener', 'compostura']
2021-11-29 13:33:45.516880;.;..;.;;Tomirio#9645;.;..;.;;'pf es buen칤simo';.;..;.;;['pf', 'buen칤simo']
2021-11-29 13:34:15.270913;.;..;.;;annashrpv#6143;.;..;.;;'tal cual';.;..;.;;['tal']
2021-11-29 13:34:29.547445;.;..;.;;Adri#0739;.;..;.;;'ay! podr칤ais meterle cosas de tipo horoscopo, de eso que todo el mundo se siente identificado cuando lo lee';.;..;.;;['ay', 'podr칤ais', 'meterle', 'cosas', 'tipo', 'horoscopo', 'mundo', 'identificado', 'lee']
2021-11-29 13:36:26.056064;.;..;.;;Yaser#5622;.;..;.;;'jajaja Alfo_BOT eres un crack';.;..;.;;['jajaja', 'alfo_bot', 'crack']
2021-11-29 13:37:29.836744;.;..;.;;Tom치s#9078;.;..;.;;'Todas las que tienen emoji son cosas que 칠l ha escrito as칤 tal cual xD';.;..;.;;['todas', 'emoji', 'cosas', 'escrito', 'as칤', 'tal', 'xd']
2021-11-29 13:40:16.500573;.;..;.;;davidmoscoso#5401;.;..;.;;'Alfbot profe';.;..;.;;['alfbot', 'profe']
2021-11-29 13:42:43.689419;.;..;.;;Yaser#5622;.;..;.;;'sito';.;..;.;;['sito']
2021-11-29 13:44:23.792964;.;..;.;;Tom치s#9078;.;..;.;;'Ah칤 se a침adi칩 lo del pelo xd';.;..;.;;['ah칤', 'a침adi칩', 'pelo', 'xd']
2021-11-29 13:44:39.209778;.;..;.;;davidmoscoso#5401;.;..;.;;'jaj';.;..;.;;[]
2021-11-29 13:44:41.576629;.;..;.;;HectorM#2258;.;..;.;;'pelo';.;..;.;;['pelo']
2021-11-29 13:44:52.586855;.;..;.;;Adri#0739;.;..;.;;'JC';.;..;.;;['jc']
2021-11-29 13:54:43.166180;.;..;.;;santibaricco#5665;.;..;.;;'hola';.;..;.;;['hola']
2021-11-29 13:54:43.326792;.;..;.;;santibaricco#5665;.;..;.;;'si';.;..;.;;['si']
2021-11-29 13:54:58.974917;.;..;.;;santibaricco#5665;.;..;.;;'hack';.;..;.;;['hack']
2021-11-29 13:55:13.868447;.;..;.;;santibaricco#5665;.;..;.;;'proteina';.;..;.;;['proteina']
2021-11-29 13:55:18.287989;.;..;.;;santibaricco#5665;.;..;.;;'hack';.;..;.;;['hack']
2021-11-29 13:55:32.910273;.;..;.;;Adri#0739;.;..;.;;'bitcoin alguien?';.;..;.;;['bitcoin', 'alguien']
2021-11-29 13:55:34.189351;.;..;.;;santibaricco#5665;.;..;.;;'knn';.;..;.;;['knn']
2021-11-29 13:55:39.343987;.;..;.;;HectorM#2258;.;..;.;;'ahi ahi';.;..;.;;['ahi', 'ahi']
2021-11-29 13:55:39.627727;.;..;.;;Adri#0739;.;..;.;;'GRAAANDEEEE';.;..;.;;['graaandeeee']
2021-11-29 13:55:45.662104;.;..;.;;Tom치s#9078;.;..;.;;'xDdd';.;..;.;;['xddd']
2021-11-29 13:55:49.201535;.;..;.;;Adri#0739;.;..;.;;'JAJJAAJAJAAJAJAJAAJJA';.;..;.;;['jajjaajajaajajajaajja']
2021-11-29 13:55:55.745981;.;..;.;;HectorM#2258;.;..;.;;'XD';.;..;.;;['xd']
2021-11-29 14:06:43.260816;.;..;.;;Shei#6696;.;..;.;;'';.;..;.;;[]
2021-11-29 14:06:53.390587;.;..;.;;Shei#6696;.;..;.;;'Alfobot a dominado el twitter de alfonso';.;..;.;;['alfobot', 'dominado', 'twitter', 'alfonso']
2021-11-29 15:11:34.161326;.;..;.;;HectorM#2258;.;..;.;;'equipo actimel a ver';.;..;.;;['equipo', 'actimel', 'ver']
2021-11-29 15:12:11.122616;.;..;.;;Shei#6696;.;..;.;;'ha invadido todo';.;..;.;;['invadido']
2021-11-29 15:15:18.550065;.;..;.;;HectorM#2258;.;..;.;;'https://firms.modaps.eosdis.nasa.gov/map/#d:24hrs;@-4.5,41.0,9z';.;..;.;;['https', '//firms.modaps.eosdis.nasa.gov/map/', '#', 'd:24hrs', '@', '-4.5,41.0,9z']
2021-11-29 15:30:01.624144;.;..;.;;HectorM#2258;.;..;.;;'https://www.braytonstafford.com/hieroglyphics-automl-data-model/';.;..;.;;['https', '//www.braytonstafford.com/hieroglyphics-automl-data-model/']
2021-11-29 15:38:44.759739;.;..;.;;HectorM#2258;.;..;.;;'https://www.kaggle.com/waleedumer/egyptian-hieroglyphics-datasets';.;..;.;;['https', '//www.kaggle.com/waleedumer/egyptian-hieroglyphics-datasets']
2021-11-29 15:41:17.214353;.;..;.;;Shei#6696;.;..;.;;'it's something';.;..;.;;['it', "'s", 'something']
2021-11-29 15:53:20.741509;.;..;.;;Tomirio#9645;.;..;.;;'https://en.wikipedia.org/wiki/Gardiner%27s_sign_list';.;..;.;;['https', '//en.wikipedia.org/wiki/gardiner', '%', '27s_sign_list']
2021-11-29 15:53:30.137584;.;..;.;;Tomirio#9645;.;..;.;;'esta es la lista de los caracteres que hay';.;..;.;;['lista', 'caracteres']
2021-11-29 15:53:33.766660;.;..;.;;Tomirio#9645;.;..;.;;'son un mont칩n XD';.;..;.;;['mont칩n', 'xd']
2021-11-29 15:54:39.363332;.;..;.;;Shei#6696;.;..;.;;'a dormir Alfo-BOT';.;..;.;;['dormir', 'alfo-bot']
2021-11-29 16:16:03.294416;.;..;.;;Adri#0739;.;..;.;;'Alfobot, ayudame con mi serie temporal';.;..;.;;['alfobot', 'ayudame', 'serie', 'temporal']
2021-11-29 16:16:11.169267;.;..;.;;Adri#0739;.;..;.;;'ah, estar치 durmiendo';.;..;.;;['ah', 'durmiendo']
2021-11-29 16:16:15.602210;.;..;.;;Adri#0739;.;..;.;;'nvm';.;..;.;;['nvm']
2021-11-29 16:17:48.168545;.;..;.;;Tom치s#9078;.;..;.;;'xD ahora no tiene ganas de cosas serias';.;..;.;;['xd', 'ahora', 'ganas', 'cosas', 'serias']
2021-11-29 16:18:05.658948;.;..;.;;annashrpv#6143;.;..;.;;'alfobot dame un consejo';.;..;.;;['alfobot', 'dame', 'consejo']
2021-11-29 16:18:12.164571;.;..;.;;Adri#0739;.;..;.;;'hack';.;..;.;;['hack']
2021-11-29 16:18:14.859191;.;..;.;;Adri#0739;.;..;.;;'LOL';.;..;.;;['lol']
2021-11-29 16:18:19.618661;.;..;.;;Tom치s#9078;.;..;.;;'xdddd';.;..;.;;['xdddd']
2021-11-29 16:18:31.249856;.;..;.;;Adri#0739;.;..;.;;'savage';.;..;.;;['savage']
2021-11-29 16:18:41.513003;.;..;.;;Yaser#5622;.;..;.;;'JAJAJAJJAA';.;..;.;;['jajajajjaa']
2021-11-29 16:18:47.730140;.;..;.;;annashrpv#6143;.;..;.;;'https://tenor.com/view/spit-take-laughing-lmao-gif-9271317';.;..;.;;['https', '//tenor.com/view/spit-take-laughing-lmao-gif-9271317']
2021-11-29 16:21:36.743443;.;..;.;;davidmoscoso#5401;.;..;.;;'ustedes saben qu칠 hacer?';.;..;.;;['ustedes', 'saben', 'hacer']
2021-11-29 16:21:44.098795;.;..;.;;davidmoscoso#5401;.;..;.;;'Alfobot duerme';.;..;.;;['alfobot', 'duerme']
2021-11-29 16:21:44.281244;.;..;.;;Adri#0739;.;..;.;;'me meo';.;..;.;;['meo']
2021-11-29 16:23:15.366892;.;..;.;;davidmoscoso#5401;.;..;.;;'gracias 游땏';.;..;.;;['gracias', '游땏']
2021-11-29 16:23:40.767458;.;..;.;;davidmoscoso#5401;.;..;.;;'游뱂';.;..;.;;['游뱂']
2021-11-29 16:23:48.573026;.;..;.;;Adri#0739;.;..;.;;'teneis el dataset?';.;..;.;;['teneis', 'dataset']
2021-11-29 16:23:50.966106;.;..;.;;Adri#0739;.;..;.;;'no lo encuentro 游땭';.;..;.;;['encuentro', '游땭']
2021-11-29 16:23:51.200583;.;..;.;;Tom치s#9078;.;..;.;;'Alfobot duerme';.;..;.;;['alfobot', 'duerme']
2021-11-30 11:44:00.106808;.;..;.;;Yaser#5622;.;..;.;;'cuentanos algo divertido';.;..;.;;['cuentanos', 'divertido']
2021-11-30 11:44:07.102978;.;..;.;;Yaser#5622;.;..;.;;'jajaja';.;..;.;;[]
2021-11-30 11:44:21.561329;.;..;.;;Yaser#5622;.;..;.;;'y qu칠 no te gusta?';.;..;.;;['gusta']
2021-11-30 11:44:35.422711;.;..;.;;Yaser#5622;.;..;.;;'eres un troll';.;..;.;;['troll']
2021-11-30 11:44:39.310544;.;..;.;;Yaser#5622;.;..;.;;'jajajja';.;..;.;;['jajajja']
2021-11-30 11:45:18.341895;.;..;.;;Yaser#5622;.;..;.;;'Alfo-BOT eres un crack';.;..;.;;['alfo-bot', 'crack']
2021-11-30 11:46:21.888649;.;..;.;;Yaser#5622;.;..;.;;'de donde has salid?';.;..;.;;['salid']
2021-11-30 11:48:05.902242;.;..;.;;Yaser#5622;.;..;.;;'alfobot tortilla de patatas';.;..;.;;['alfobot', 'tortilla', 'patatas']
2021-11-30 11:48:26.363251;.;..;.;;Adri#0739;.;..;.;;'';.;..;.;;[]
2021-11-30 11:48:27.928567;.;..;.;;Yaser#5622;.;..;.;;'por favor explicanos de nuevo eso de las claras';.;..;.;;['favor', 'explicanos', 'nuevo', 'claras']
2021-11-30 11:48:42.193519;.;..;.;;Yaser#5622;.;..;.;;'jajaja';.;..;.;;[]
2021-11-30 11:49:32.175589;.;..;.;;annashrpv#6143;.;..;.;;'Alfobot qu칠 hor칩scopo eres?';.;..;.;;['alfobot', 'hor칩scopo']
2021-11-30 11:49:58.373705;.;..;.;;Yaser#5622;.;..;.;;'segun el teorema de los horoscopos simples o compuestos?';.;..;.;;['segun', 'teorema', 'horoscopos', 'simples', 'compuestos']
2021-11-30 11:50:00.263967;.;..;.;;Yaser#5622;.;..;.;;'jajaja';.;..;.;;[]
2021-11-30 11:51:05.228839;.;..;.;;Yaser#5622;.;..;.;;'Los creadores de Alfonso se merecen una ola!';.;..;.;;['creadores', 'alfonso', 'merecen', 'ola']
2021-11-30 11:51:06.500649;.;..;.;;Yaser#5622;.;..;.;;'jajaja';.;..;.;;[]
2021-11-30 11:51:10.365407;.;..;.;;annashrpv#6143;.;..;.;;'creo que si no encuentra una palabra clave no me contesta';.;..;.;;['creo', 'si', 'encuentra', 'palabra', 'clave', 'contesta']
2021-11-30 11:51:16.618657;.;..;.;;Yaser#5622;.;..;.;;'jajajaja';.;..;.;;['jajajaja']
2021-11-30 11:51:46.564677;.;..;.;;annashrpv#6143;.;..;.;;'Alfobot vacaciones';.;..;.;;['alfobot', 'vacaciones']
2021-11-30 11:52:19.924601;.;..;.;;Yaser#5622;.;..;.;;'Alfobot cual es el truco para entenderte?';.;..;.;;['alfobot', 'truco', 'entenderte']
2021-11-30 11:52:29.108442;.;..;.;;Tomirio#9645;.;..;.;;'factura de luz';.;..;.;;['factura', 'luz']
2021-11-30 11:52:39.748925;.;..;.;;Yaser#5622;.;..;.;;'otro consejo?';.;..;.;;['consejo']
2021-11-30 11:52:43.546519;.;..;.;;Tomirio#9645;.;..;.;;'factura';.;..;.;;['factura']
2021-11-30 11:52:46.212600;.;..;.;;Tomirio#9645;.;..;.;;'XDDD';.;..;.;;['xddd']
2021-11-30 11:52:49.124753;.;..;.;;Adri#0739;.;..;.;;'lol xD';.;..;.;;['lol', 'xd']
2021-11-30 11:52:50.662133;.;..;.;;Yaser#5622;.;..;.;;'jajajjajaja';.;..;.;;['jajajjajaja']
2021-11-30 11:52:53.169938;.;..;.;;Adri#0739;.;..;.;;'JAJAJJJAJA';.;..;.;;['jajajjjaja']
2021-11-30 11:53:27.101943;.;..;.;;Yaser#5622;.;..;.;;'Alfonso, tu juegas la primitiva?';.;..;.;;['alfonso', 'juegas', 'primitiva']
2021-11-30 11:53:46.019744;.;..;.;;Yaser#5622;.;..;.;;'vaya...+';.;..;.;;['vaya', '...', '+']
2021-11-30 11:53:51.811478;.;..;.;;annashrpv#6143;.;..;.;;'unos caramelos y a correr';.;..;.;;['caramelos', 'correr']
2021-11-30 11:54:03.072865;.;..;.;;Yaser#5622;.;..;.;;'jajaja';.;..;.;;[]
2021-11-30 11:54:11.473057;.;..;.;;Yaser#5622;.;..;.;;'cereales y proteinas por favor';.;..;.;;['cereales', 'proteinas', 'favor']
2021-11-30 11:54:45.442051;.;..;.;;Yaser#5622;.;..;.;;'Qu칠 serios est치n chicos!';.;..;.;;['serios', 'chicos']
2021-11-30 11:58:47.727356;.;..;.;;Adri#0739;.;..;.;;'"Eso es legal... es ALEGAL"';.;..;.;;['``', 'legal', '...', 'alegal', "''"]
2021-11-30 12:00:24.328094;.;..;.;;HectorM#2258;.;..;.;;'ensalada';.;..;.;;['ensalada']
2021-11-30 12:00:34.316683;.;..;.;;HectorM#2258;.;..;.;;'mercadona';.;..;.;;['mercadona']
2021-11-30 12:00:50.680348;.;..;.;;Tomirio#9645;.;..;.;;'jajajjja';.;..;.;;['jajajjja']
2021-11-30 12:00:53.230470;.;..;.;;Adri#0739;.;..;.;;'"Yo, en los bufet de sushi no soy rentable, pero la esperanza matem치tica dice que siempre ganas."';.;..;.;;['``', 'bufet', 'sushi', 'rentable', 'esperanza', 'matem치tica', 'dice', 'siempre', 'ganas', "''"]
2021-11-30 12:01:13.163561;.;..;.;;Shei#6696;.;..;.;;'JC';.;..;.;;['jc']
2021-11-30 12:01:15.900649;.;..;.;;HectorM#2258;.;..;.;;'hack';.;..;.;;['hack']
2021-11-30 12:01:39.088155;.;..;.;;HectorM#2258;.;..;.;;'jajajaja';.;..;.;;['jajajaja']
2021-11-30 12:02:09.966873;.;..;.;;HectorM#2258;.;..;.;;'pikota';.;..;.;;['pikota']
2021-11-30 12:02:20.833649;.;..;.;;Adri#0739;.;..;.;;'"me pierdo en el chat, me siento una abuela leyendo el chat de terra"';.;..;.;;['``', 'pierdo', 'chat', 'siento', 'abuela', 'leyendo', 'chat', 'terra', "''"]
2021-11-30 12:02:39.510341;.;..;.;;Shei#6696;.;..;.;;'Daniela';.;..;.;;['daniela']
2021-11-30 12:02:44.809352;.;..;.;;Shei#6696;.;..;.;;'derivadas';.;..;.;;['derivadas']
2021-11-30 12:02:50.797496;.;..;.;;Shei#6696;.;..;.;;'matem치ticas';.;..;.;;['matem치ticas']
2021-11-30 12:02:54.482599;.;..;.;;Shei#6696;.;..;.;;'noooooooooo';.;..;.;;['noooooooooo']
2021-11-30 12:02:56.892129;.;..;.;;Shei#6696;.;..;.;;'kahoot';.;..;.;;['kahoot']
2021-11-30 12:03:14.011401;.;..;.;;HectorM#2258;.;..;.;;'amigo';.;..;.;;['amigo']
2021-11-30 12:03:32.047021;.;..;.;;Shei#6696;.;..;.;;'Adri치n';.;..;.;;['adri치n']
2021-11-30 12:03:39.994944;.;..;.;;HectorM#2258;.;..;.;;'machine learning';.;..;.;;['machine', 'learning']
2021-11-30 12:03:49.300265;.;..;.;;HectorM#2258;.;..;.;;'XD';.;..;.;;['xd']
2021-11-30 12:03:55.433634;.;..;.;;Shei#6696;.;..;.;;'mercadona';.;..;.;;['mercadona']
2021-11-30 12:04:46.674618;.;..;.;;Shei#6696;.;..;.;;'redes neuronales';.;..;.;;['redes', 'neuronales']
2021-11-30 12:05:05.440223;.;..;.;;HectorM#2258;.;..;.;;'koala';.;..;.;;['koala']
2021-11-30 12:05:35.062179;.;..;.;;Yaser#5622;.;..;.;;'cuando le vais a ense침ar alfonso esta maravillosa creacion?';.;..;.;;['vais', 'ense침ar', 'alfonso', 'maravillosa', 'creacion']
2021-11-30 12:05:56.347962;.;..;.;;HectorM#2258;.;..;.;;'a final de curso';.;..;.;;['final', 'curso']
2021-11-30 12:06:01.531716;.;..;.;;HectorM#2258;.;..;.;;'ser칤a lo suyo';.;..;.;;[]
2021-11-30 12:07:07.330664;.;..;.;;Shei#6696;.;..;.;;'pereceptron';.;..;.;;['pereceptron']
2021-11-30 12:07:17.728858;.;..;.;;Shei#6696;.;..;.;;'perceptron';.;..;.;;['perceptron']
2021-11-30 12:07:22.204625;.;..;.;;Shei#6696;.;..;.;;'no esta actualizado';.;..;.;;['actualizado']
2021-11-30 12:07:31.174866;.;..;.;;HectorM#2258;.;..;.;;'muy mal, manda un ticket';.;..;.;;['mal', 'manda', 'ticket']
2021-11-30 12:07:34.554746;.;..;.;;Yaser#5622;.;..;.;;'jajaja';.;..;.;;[]
2021-11-30 12:07:41.798910;.;..;.;;Yaser#5622;.;..;.;;'yo quiero verle la cara!';.;..;.;;['quiero', 'verle', 'cara']
2021-11-30 12:07:46.831426;.;..;.;;Shei#6696;.;..;.;;'kahoot time';.;..;.;;['kahoot', 'time']
2021-11-30 12:08:07.305837;.;..;.;;HectorM#2258;.;..;.;;'Asistencia t칠cnica';.;..;.;;['asistencia', 't칠cnica']
2021-11-30 12:08:17.851976;.;..;.;;Marina Casilda#2394;.;..;.;;'JAJAJAAJAAJAJA';.;..;.;;['jajajaajaajaja']
2021-11-30 12:08:18.659652;.;..;.;;Yaser#5622;.;..;.;;'3.50';.;..;.;;['3.50']
2021-11-30 12:08:19.486570;.;..;.;;Yaser#5622;.;..;.;;'xD';.;..;.;;['xd']
2021-11-30 12:08:31.015645;.;..;.;;Yaser#5622;.;..;.;;'qu칠 jefe';.;..;.;;['jefe']
2021-11-30 12:08:33.194851;.;..;.;;HectorM#2258;.;..;.;;'츼vila';.;..;.;;['치vila']
2021-11-30 12:08:39.078123;.;..;.;;HectorM#2258;.;..;.;;'incendio';.;..;.;;['incendio']
2021-11-30 12:08:58.691598;.;..;.;;Yaser#5622;.;..;.;;'pueblo';.;..;.;;['pueblo']
2021-11-30 12:09:56.772727;.;..;.;;Yaser#5622;.;..;.;;'Marina';.;..;.;;['marina']
2021-11-30 12:10:07.563469;.;..;.;;Yaser#5622;.;..;.;;'"tu tienes dudas??? No No a la cola!';.;..;.;;['``', 'dudas', 'cola']
2021-11-30 12:10:10.796097;.;..;.;;HectorM#2258;.;..;.;;'dudas';.;..;.;;['dudas']
2021-11-30 12:12:26.979005;.;..;.;;Yaser#5622;.;..;.;;'polla gorda';.;..;.;;['polla', 'gorda']
2021-11-30 12:12:34.501506;.;..;.;;Yaser#5622;.;..;.;;'vaya...';.;..;.;;['vaya', '...']
2021-11-30 12:12:38.679919;.;..;.;;Yaser#5622;.;..;.;;'jajajaja';.;..;.;;['jajajaja']
2021-11-30 12:19:11.551665;.;..;.;;Tom치s#9078;.;..;.;;'Cuando est칠 m치s refinado mejor xD';.;..;.;;['refinado', 'mejor', 'xd']
2021-11-30 12:20:34.550229;.;..;.;;Yaser#5622;.;..;.;;'jajjaja';.;..;.;;['jajjaja']
2021-11-30 12:24:07.413690;.;..;.;;Tomirio#9645;.;..;.;;'bueno pues entonces el reconocimiento del texto de las etiquetas no?';.;..;.;;['bueno', 'pues', 'entonces', 'reconocimiento', 'texto', 'etiquetas']
2021-11-30 12:24:16.820441;.;..;.;;Tomirio#9645;.;..;.;;'c치llate pesadooooo XDD';.;..;.;;['c치llate', 'pesadooooo', 'xdd']
2021-11-30 12:24:29.099202;.;..;.;;annashrpv#6143;.;..;.;;'qu칠 ganassss lo va a flipar';.;..;.;;['ganassss', 'va', 'flipar']
2021-11-30 12:24:34.396946;.;..;.;;annashrpv#6143;.;..;.;;'XD';.;..;.;;['xd']
2021-11-30 13:01:34.506179;.;..;.;;Shei#6696;.;..;.;;'JAAJJAJAJA';.;..;.;;['jaajjajaja']
2021-11-30 13:01:45.638454;.;..;.;;Shei#6696;.;..;.;;'Alfonso apruebas el proyecto?';.;..;.;;['alfonso', 'apruebas', 'proyecto']
2021-11-30 13:01:52.535277;.;..;.;;Shei#6696;.;..;.;;'tomar칠 eso como un si';.;..;.;;['tomar칠', 'si']
2021-12-02 08:48:13.471838;.;..;.;;davidmoscoso#5401;.;..;.;;'hackaton';.;..;.;;['hackaton']
2021-12-02 08:48:27.959924;.;..;.;;davidmoscoso#5401;.;..;.;;'hackaton';.;..;.;;['hackaton']
2021-12-02 09:06:14.237613;.;..;.;;Shei#6696;.;..;.;;'https://www.aprendemachinelearning.com/como-funcionan-las-convolutional-neural-networks-vision-por-ordenador/';.;..;.;;['https', '//www.aprendemachinelearning.com/como-funcionan-las-convolutional-neural-networks-vision-por-ordenador/']
2021-12-02 09:06:16.994294;.;..;.;;Tom치s#9078;.;..;.;;'Jajajaj';.;..;.;;['jajajaj']
2021-12-02 09:06:38.585064;.;..;.;;davidmoscoso#5401;.;..;.;;'Alfobot duerme';.;..;.;;['alfobot', 'duerme']
2021-12-07 14:22:56.285468;.;..;.;;microbot#9788;.;..;.;;'Say hello!';.;..;.;;['say', 'hello']
2021-12-07 14:22:56.422697;.;..;.;;microbot#9788;.;..;.;;'Alfonso quiere asesinar a Alfobot';.;..;.;;['alfonso', 'quiere', 'asesinar', 'alfobot']
2021-12-07 14:23:22.455866;.;..;.;;microbot#9788;.;..;.;;'Hello reaccion';.;..;.;;['hello', 'reaccion']
2021-12-07 14:24:52.981957;.;..;.;;microbot#9788;.;..;.;;'Say hello!';.;..;.;;['say', 'hello']
2021-12-07 14:24:53.148039;.;..;.;;microbot#9788;.;..;.;;'Alfonso quiere asesinar a Alfobot';.;..;.;;['alfonso', 'quiere', 'asesinar', 'alfobot']
2021-12-07 14:24:57.708008;.;..;.;;microbot#9788;.;..;.;;'Hello reaccion';.;..;.;;['hello', 'reaccion']
2021-12-07 14:25:33.195739;.;..;.;;microbot#9788;.;..;.;;'Hello reaccion';.;..;.;;['hello', 'reaccion']
2021-12-08 10:55:15.236579;.;..;.;;davidmoscoso#5401;.;..;.;;'Alfobot est치s vivo?';.;..;.;;['alfobot', 'vivo']
2021-12-08 10:55:29.370963;.;..;.;;davidmoscoso#5401;.;..;.;;'y est치s funcionando en replit?';.;..;.;;['funcionando', 'replit']
2021-12-08 10:55:38.919408;.;..;.;;davidmoscoso#5401;.;..;.;;'Alfobot duerme';.;..;.;;['alfobot', 'duerme']
2021-12-08 16:42:39.652081;.;..;.;;davidmoscoso#5401;.;..;.;;'hola';.;..;.;;['hola']
2021-12-08 16:42:39.836229;.;..;.;;davidmoscoso#5401;.;..;.;;'si';.;..;.;;['si']
2021-12-08 16:49:47.617659;.;..;.;;Shei#6696;.;..;.;;'';.;..;.;;[]
2021-12-08 16:57:13.206964;.;..;.;;Shei#6696;.;..;.;;'https://www.kaggle.com/ioshei/setas-kaggle';.;..;.;;['https', '//www.kaggle.com/ioshei/setas-kaggle']
2021-12-08 17:15:41.285774;.;..;.;;HectorM#2258;.;..;.;;'https://www.google.com/search?q=amanita+verna&sxsrf=AOaemvLmpUCBGUNEWyotNdpYkGGa_qf7Mg:1638983672336&source=lnms&tbm=isch&sa=X&ved=2ahUKEwib19P82dT0AhW8DmMBHXE7BzYQ_AUoAXoECAIQAw&biw=1920&bih=941&dpr=1#imgrc=MfHfw7CK8sWtfM
https://www.google.com/search?q=agaricus+campester&sxsrf=AOaemvKBgFGUgNWrd0wc0j0utJD6thKmKg:1638983709277&source=lnms&tbm=isch&sa=X&ved=2ahUKEwianKKO2tT0AhU0AWMBHaN2AfYQ_AUoAXoECAIQAw&biw=1920&bih=941&dpr=1#imgrc=FxlMQEo1vnGuHM';.;..;.;;['https', '//www.google.com/search', 'q=amanita+verna', '&', 'sxsrf=aoaemvlmpucbgunewyotndpykgga_qf7mg:1638983672336', '&', 'source=lnms', '&', 'tbm=isch', '&', 'sa=x', '&', 'ved=2ahukewib19p82dt0ahw8dmmbhxe7bzyq_auoaxoecaiqaw', '&', 'biw=1920', '&', 'bih=941', '&', 'dpr=1', '#', 'imgrc=mfhfw7ck8swtfm', 'https', '//www.google.com/search', 'q=agaricus+campester', '&', 'sxsrf=aoaemvkbgfgugnwrd0wc0j0utjd6thkmkg:1638983709277', '&', 'source=lnms', '&', 'tbm=isch', '&', 'sa=x', '&', 'ved=2ahukewiankko2tt0ahu0awmbhan2afyq_auoaxoecaiqaw', '&', 'biw=1920', '&', 'bih=941', '&', 'dpr=1', '#', 'imgrc=fxlmqeo1vnguhm']
2021-12-08 17:18:30.046310;.;..;.;;HectorM#2258;.;..;.;;'https://www.google.com/search?q=amanita+verna&sxsrf=AOaemvLmpUCBGUNEWyotNdpYkGGa_qf7Mg:1638983672336&source=lnms&tbm=isch&sa=X&ved=2ahUKEwib19P82dT0AhW8DmMBHXE7BzYQ_AUoAXoECAIQAw&biw=1920&bih=941&dpr=1#imgrc=OfBb4C5ruxz2ZM';.;..;.;;['https', '//www.google.com/search', 'q=amanita+verna', '&', 'sxsrf=aoaemvlmpucbgunewyotndpykgga_qf7mg:1638983672336', '&', 'source=lnms', '&', 'tbm=isch', '&', 'sa=x', '&', 'ved=2ahukewib19p82dt0ahw8dmmbhxe7bzyq_auoaxoecaiqaw', '&', 'biw=1920', '&', 'bih=941', '&', 'dpr=1', '#', 'imgrc=ofbb4c5ruxz2zm']
2021-12-08 17:20:25.845217;.;..;.;;HectorM#2258;.;..;.;;'';.;..;.;;[]
2021-12-09 11:39:22.910940;.;..;.;;Tom치s#9078;.;..;.;;'Alfobot profe';.;..;.;;['alfobot', 'profe']
2021-12-09 11:39:33.378037;.;..;.;;Tom치s#9078;.;..;.;;'Alfobot profe';.;..;.;;['alfobot', 'profe']
2021-12-09 11:39:50.293480;.;..;.;;Tom치s#9078;.;..;.;;'espejo';.;..;.;;['espejo']
2021-12-09 11:40:01.365034;.;..;.;;Tom치s#9078;.;..;.;;'Alfobot party';.;..;.;;['alfobot', 'party']
2021-12-09 11:40:07.010959;.;..;.;;Tom치s#9078;.;..;.;;'Alfobot party';.;..;.;;['alfobot', 'party']
2021-12-09 11:40:20.724315;.;..;.;;Tom치s#9078;.;..;.;;'Alfobot party';.;..;.;;['alfobot', 'party']
2021-12-09 11:44:08.056756;.;..;.;;Tom치s#9078;.;..;.;;'Alfobot profe';.;..;.;;['alfobot', 'profe']
2021-12-09 11:44:14.249127;.;..;.;;Tom치s#9078;.;..;.;;'Alfobot party';.;..;.;;['alfobot', 'party']
2021-12-09 11:44:19.225458;.;..;.;;Tom치s#9078;.;..;.;;'Alfobot pary';.;..;.;;['alfobot', 'pary']
2021-12-09 11:44:23.728329;.;..;.;;Tom치s#9078;.;..;.;;'Alfobot party';.;..;.;;['alfobot', 'party']
2021-12-09 11:44:56.785831;.;..;.;;davidmoscoso#5401;.;..;.;;'Alfobot duerme';.;..;.;;['alfobot', 'duerme']
2021-12-09 11:48:51.554607;.;..;.;;Tom치s#9078;.;..;.;;'Alfobot profe';.;..;.;;['alfobot', 'profe']
2021-12-09 11:48:57.449831;.;..;.;;Tom치s#9078;.;..;.;;'Alfobot party';.;..;.;;['alfobot', 'party']
2021-12-09 11:49:03.478666;.;..;.;;Tom치s#9078;.;..;.;;'Alfobot duerme';.;..;.;;['alfobot', 'duerme']
2021-12-09 11:49:23.371577;.;..;.;;Tom치s#9078;.;..;.;;'party';.;..;.;;['party']
2021-12-09 11:49:26.061998;.;..;.;;Tom치s#9078;.;..;.;;'party';.;..;.;;['party']
2021-12-09 11:49:32.308368;.;..;.;;davidmoscoso#5401;.;..;.;;'Alfobot';.;..;.;;['alfobot']
2021-12-09 11:54:33.944276;.;..;.;;Tom치s#9078;.;..;.;;'Alfobot party';.;..;.;;['alfobot', 'party']
2021-12-09 12:19:15.945796;.;..;.;;davidmoscoso#5401;.;..;.;;'hola';.;..;.;;['hola']
2021-12-09 12:19:16.155941;.;..;.;;davidmoscoso#5401;.;..;.;;'si';.;..;.;;['si']
2021-12-09 12:19:26.621036;.;..;.;;Tom치s#9078;.;..;.;;'espejo';.;..;.;;['espejo']